{
  "user_data": {
    "8023822359": {
      "in_progress": true,
      "stage": "parent_name",
      "started_at": 1751151752.3696456
    }
  },
  "chat_contact_map": {},
  "pending": {},
  "writing_ids": [],
  "rate_limit_data": {
    "8023822359": [
      1751151725.1942441,
      1751151752.3648515,
      1751151753.7216253,
      1751151780.852565
    ]
  },
  "banned_users": [],
  "suspicious_activities": {}
}